辞書,文境界,書字形（＝表層形）,仮名形出現形,
上代（万葉集）Unidic (Ver.1603),B,篭,カゴ
上代（万葉集）Unidic (Ver.1603),I,も,モ
上代（万葉集）Unidic (Ver.1603),I,よ,ヨ
上代（万葉集）Unidic (Ver.1603),I,　,
上代（万葉集）Unidic (Ver.1603),I,み,ミ
上代（万葉集）Unidic (Ver.1603),I,篭,カゴ
上代（万葉集）Unidic (Ver.1603),I,持ち,モチ
上代（万葉集）Unidic (Ver.1603),I,　,
上代（万葉集）Unidic (Ver.1603),I,堀,ホリ
上代（万葉集）Unidic (Ver.1603),I,串,クシ
上代（万葉集）Unidic (Ver.1603),I,も,モ
上代（万葉集）Unidic (Ver.1603),I,よ,ヨ
上代（万葉集）Unidic (Ver.1603),I,　,
上代（万葉集）Unidic (Ver.1603),I,み,ミ
上代（万葉集）Unidic (Ver.1603),I,堀,ホル
上代（万葉集）Unidic (Ver.1603),I,串,クシ
上代（万葉集）Unidic (Ver.1603),I,持ち,モチ
上代（万葉集）Unidic (Ver.1603),I,　,
上代（万葉集）Unidic (Ver.1603),I,こ,コ
上代（万葉集）Unidic (Ver.1603),I,の,ノ
上代（万葉集）Unidic (Ver.1603),I,岡,オカ
上代（万葉集）Unidic (Ver.1603),I,に,ニ
上代（万葉集）Unidic (Ver.1603),I,　,
上代（万葉集）Unidic (Ver.1603),I,菜,ナ
上代（万葉集）Unidic (Ver.1603),I,摘ま,ツマ
上代（万葉集）Unidic (Ver.1603),I,す,ス
上代（万葉集）Unidic (Ver.1603),I,子,コ
上代（万葉集）Unidic (Ver.1603),I,　,
上代（万葉集）Unidic (Ver.1603),I,家,イエ
上代（万葉集）Unidic (Ver.1603),I,聞か,キカ
上代（万葉集）Unidic (Ver.1603),I,な,ナ
上代（万葉集）Unidic (Ver.1603),I,　,
上代（万葉集）Unidic (Ver.1603),I,告ら,ノラ
上代（万葉集）Unidic (Ver.1603),I,さ,サ
上代（万葉集）Unidic (Ver.1603),I,ね,ネ
上代（万葉集）Unidic (Ver.1603),I,　,
上代（万葉集）Unidic (Ver.1603),I,そらみつ,ソラミツ
上代（万葉集）Unidic (Ver.1603),I,　,
上代（万葉集）Unidic (Ver.1603),I,大和,ヤマト
上代（万葉集）Unidic (Ver.1603),I,の,ノ
上代（万葉集）Unidic (Ver.1603),I,国,クニ
上代（万葉集）Unidic (Ver.1603),I,は,ハ
上代（万葉集）Unidic (Ver.1603),I,　,
上代（万葉集）Unidic (Ver.1603),I,おし,オシ
上代（万葉集）Unidic (Ver.1603),I,なべ,ナベ
上代（万葉集）Unidic (Ver.1603),I,て,テ
上代（万葉集）Unidic (Ver.1603),I,　,
上代（万葉集）Unidic (Ver.1603),I,我れ,オレ
上代（万葉集）Unidic (Ver.1603),I,こそ,コソ
上代（万葉集）Unidic (Ver.1603),I,居れ,オレ
上代（万葉集）Unidic (Ver.1603),I,　,
上代（万葉集）Unidic (Ver.1603),I,しき,シキ
上代（万葉集）Unidic (Ver.1603),I,なべ,ナベ
上代（万葉集）Unidic (Ver.1603),I,て,テ
上代（万葉集）Unidic (Ver.1603),I,　,
上代（万葉集）Unidic (Ver.1603),I,我れ,オレ
上代（万葉集）Unidic (Ver.1603),I,こそ,コソ
上代（万葉集）Unidic (Ver.1603),I,座せ,オワセ
上代（万葉集）Unidic (Ver.1603),I,　,
上代（万葉集）Unidic (Ver.1603),I,我れ,オレ
上代（万葉集）Unidic (Ver.1603),I,こそ,コソ
上代（万葉集）Unidic (Ver.1603),I,ば,バ
上代（万葉集）Unidic (Ver.1603),I,　,
上代（万葉集）Unidic (Ver.1603),I,告ら,ノラ
上代（万葉集）Unidic (Ver.1603),I,め,メ
上代（万葉集）Unidic (Ver.1603),I,　,
上代（万葉集）Unidic (Ver.1603),I,家,イエ
上代（万葉集）Unidic (Ver.1603),I,を,ヲ
上代（万葉集）Unidic (Ver.1603),I,も,モ
上代（万葉集）Unidic (Ver.1603),I,名,ナ
上代（万葉集）Unidic (Ver.1603),I,を,ヲ
上代（万葉集）Unidic (Ver.1603),I,も,モ
上代（万葉集）Unidic (Ver.1603),B,大和,ヤマト
上代（万葉集）Unidic (Ver.1603),I,に,ニ
上代（万葉集）Unidic (Ver.1603),I,は,ハ
上代（万葉集）Unidic (Ver.1603),I,　,
上代（万葉集）Unidic (Ver.1603),I,群山,ムラヤマ
上代（万葉集）Unidic (Ver.1603),I,あれ,アレ
上代（万葉集）Unidic (Ver.1603),I,ど,ド
上代（万葉集）Unidic (Ver.1603),I,　,
上代（万葉集）Unidic (Ver.1603),I,とりよろふ,トリヨロフ
上代（万葉集）Unidic (Ver.1603),I,　,
上代（万葉集）Unidic (Ver.1603),I,天,アマ
上代（万葉集）Unidic (Ver.1603),I,の,ノ
上代（万葉集）Unidic (Ver.1603),I,香具山,カグヤマ
上代（万葉集）Unidic (Ver.1603),I,　,
上代（万葉集）Unidic (Ver.1603),I,登り,ノボリ
上代（万葉集）Unidic (Ver.1603),I,立ち,タチ
上代（万葉集）Unidic (Ver.1603),I,　,
上代（万葉集）Unidic (Ver.1603),I,国見,クニミ
上代（万葉集）Unidic (Ver.1603),I,を,ヲ
上代（万葉集）Unidic (Ver.1603),I,すれ,スレ
上代（万葉集）Unidic (Ver.1603),I,ば,バ
上代（万葉集）Unidic (Ver.1603),I,　,
上代（万葉集）Unidic (Ver.1603),I,国原,クニハラ
上代（万葉集）Unidic (Ver.1603),I,は,ハ
上代（万葉集）Unidic (Ver.1603),I,　,
上代（万葉集）Unidic (Ver.1603),I,煙,ケブリ
上代（万葉集）Unidic (Ver.1603),I,立ち,タチ
上代（万葉集）Unidic (Ver.1603),I,立つ,タツ
上代（万葉集）Unidic (Ver.1603),I,　,
上代（万葉集）Unidic (Ver.1603),I,海原,ウナハラ
上代（万葉集）Unidic (Ver.1603),I,は,ハ
上代（万葉集）Unidic (Ver.1603),I,　,
上代（万葉集）Unidic (Ver.1603),I,鴎,カマメ
上代（万葉集）Unidic (Ver.1603),I,立ち,タチ
上代（万葉集）Unidic (Ver.1603),I,立つ,タツ
上代（万葉集）Unidic (Ver.1603),I,　,
上代（万葉集）Unidic (Ver.1603),I,うまし,ウマシ
上代（万葉集）Unidic (Ver.1603),I,国,クニ
上代（万葉集）Unidic (Ver.1603),I,ぞ,ゾ
上代（万葉集）Unidic (Ver.1603),I,　,
上代（万葉集）Unidic (Ver.1603),I,蜻蛉,カゲロウ
上代（万葉集）Unidic (Ver.1603),I,島,シマ
上代（万葉集）Unidic (Ver.1603),I,　,
上代（万葉集）Unidic (Ver.1603),I,大和,ヤマト
上代（万葉集）Unidic (Ver.1603),I,の,ノ
上代（万葉集）Unidic (Ver.1603),I,国,クニ
上代（万葉集）Unidic (Ver.1603),I,は,ハ
上代（万葉集）Unidic (Ver.1603),B,やすみしし,ヤスミシシ
上代（万葉集）Unidic (Ver.1603),I,　,
上代（万葉集）Unidic (Ver.1603),I,我,ワ
上代（万葉集）Unidic (Ver.1603),I,が,ガ
上代（万葉集）Unidic (Ver.1603),I,大君,オオキミ
上代（万葉集）Unidic (Ver.1603),I,の,ノ
上代（万葉集）Unidic (Ver.1603),I,　,
上代（万葉集）Unidic (Ver.1603),I,朝,アサ
上代（万葉集）Unidic (Ver.1603),I,に,ニ
上代（万葉集）Unidic (Ver.1603),I,は,ハ
上代（万葉集）Unidic (Ver.1603),I,　,
上代（万葉集）Unidic (Ver.1603),I,取り,トリ
上代（万葉集）Unidic (Ver.1603),I,撫で,ナデ
上代（万葉集）Unidic (Ver.1603),I,たまひ,タマヒ
上代（万葉集）Unidic (Ver.1603),I,　,
上代（万葉集）Unidic (Ver.1603),I,夕,ユウ
上代（万葉集）Unidic (Ver.1603),I,に,ニ
上代（万葉集）Unidic (Ver.1603),I,は,ハ
上代（万葉集）Unidic (Ver.1603),I,　,
上代（万葉集）Unidic (Ver.1603),I,い,イ
上代（万葉集）Unidic (Ver.1603),I,寄り,ヨリ
上代（万葉集）Unidic (Ver.1603),I,立た,タタ
上代（万葉集）Unidic (Ver.1603),I,し,シ
上代（万葉集）Unidic (Ver.1603),I,し,シ
上代（万葉集）Unidic (Ver.1603),I,　,
上代（万葉集）Unidic (Ver.1603),I,み,ミ
上代（万葉集）Unidic (Ver.1603),I,執ら,トラ
上代（万葉集）Unidic (Ver.1603),I,し,シ
上代（万葉集）Unidic (Ver.1603),I,の,ノ
上代（万葉集）Unidic (Ver.1603),I,　,
上代（万葉集）Unidic (Ver.1603),I,梓,アズサ
上代（万葉集）Unidic (Ver.1603),I,の,ノ
上代（万葉集）Unidic (Ver.1603),I,弓,ユミ
上代（万葉集）Unidic (Ver.1603),I,の,ノ
上代（万葉集）Unidic (Ver.1603),I,　,
上代（万葉集）Unidic (Ver.1603),I,中弭,ナカハズ
上代（万葉集）Unidic (Ver.1603),I,の,ノ
上代（万葉集）Unidic (Ver.1603),I,　,
上代（万葉集）Unidic (Ver.1603),I,音,オト
上代（万葉集）Unidic (Ver.1603),I,す,ス
上代（万葉集）Unidic (Ver.1603),I,なり,ナリ
上代（万葉集）Unidic (Ver.1603),I,　,
上代（万葉集）Unidic (Ver.1603),I,朝猟,アサカリ
上代（万葉集）Unidic (Ver.1603),I,に,ニ
上代（万葉集）Unidic (Ver.1603),I,　,
上代（万葉集）Unidic (Ver.1603),I,今,イマ
上代（万葉集）Unidic (Ver.1603),I,立た,タタ
上代（万葉集）Unidic (Ver.1603),I,す,ス
上代（万葉集）Unidic (Ver.1603),I,らし,ラシ
上代（万葉集）Unidic (Ver.1603),I,　,
上代（万葉集）Unidic (Ver.1603),I,夕,ユウ
上代（万葉集）Unidic (Ver.1603),I,猟,カリ
上代（万葉集）Unidic (Ver.1603),I,に,ニ
上代（万葉集）Unidic (Ver.1603),I,　,
上代（万葉集）Unidic (Ver.1603),I,今,イマ
上代（万葉集）Unidic (Ver.1603),I,立た,タタ
上代（万葉集）Unidic (Ver.1603),I,す,ス
上代（万葉集）Unidic (Ver.1603),I,らし,ラシ
上代（万葉集）Unidic (Ver.1603),I,　,
上代（万葉集）Unidic (Ver.1603),I,み,ミ
上代（万葉集）Unidic (Ver.1603),I,執ら,トラ
上代（万葉集）Unidic (Ver.1603),I,し,シ
上代（万葉集）Unidic (Ver.1603),I,の,ノ
上代（万葉集）Unidic (Ver.1603),I,　,
上代（万葉集）Unidic (Ver.1603),I,梓,アズサ
上代（万葉集）Unidic (Ver.1603),I,の,ノ
上代（万葉集）Unidic (Ver.1603),I,弓,ユミ
上代（万葉集）Unidic (Ver.1603),I,の,ノ
上代（万葉集）Unidic (Ver.1603),I,　,
上代（万葉集）Unidic (Ver.1603),I,中弭,ナカハズ
上代（万葉集）Unidic (Ver.1603),I,の,ノ
上代（万葉集）Unidic (Ver.1603),I,　,
上代（万葉集）Unidic (Ver.1603),I,音,オト
上代（万葉集）Unidic (Ver.1603),I,す,ス
上代（万葉集）Unidic (Ver.1603),I,なり,ナリ
上代（万葉集）Unidic (Ver.1603),B,たまきはる,タマキハル
上代（万葉集）Unidic (Ver.1603),I,宇智,ウチ
上代（万葉集）Unidic (Ver.1603),I,の,ノ
上代（万葉集）Unidic (Ver.1603),I,大野,オオノ
上代（万葉集）Unidic (Ver.1603),I,に,ニ
上代（万葉集）Unidic (Ver.1603),I,馬,ウマ
上代（万葉集）Unidic (Ver.1603),I,並め,ナメ
上代（万葉集）Unidic (Ver.1603),I,て,テ
上代（万葉集）Unidic (Ver.1603),I,朝,アサ
上代（万葉集）Unidic (Ver.1603),I,踏ま,フマ
上代（万葉集）Unidic (Ver.1603),I,す,ス
上代（万葉集）Unidic (Ver.1603),I,らむ,ラム
上代（万葉集）Unidic (Ver.1603),I,そ,ソ
上代（万葉集）Unidic (Ver.1603),I,の,ノ
上代（万葉集）Unidic (Ver.1603),I,草深,クサブカ
上代（万葉集）Unidic (Ver.1603),I,野,ノ
上代（万葉集）Unidic (Ver.1603),B,霞,カスミ
上代（万葉集）Unidic (Ver.1603),I,立つ,タツ
上代（万葉集）Unidic (Ver.1603),I,　,
上代（万葉集）Unidic (Ver.1603),I,長き,ナガキ
上代（万葉集）Unidic (Ver.1603),I,春日,ハルヒ
上代（万葉集）Unidic (Ver.1603),I,の,ノ
上代（万葉集）Unidic (Ver.1603),I,　,
上代（万葉集）Unidic (Ver.1603),I,暮れ,クレ
上代（万葉集）Unidic (Ver.1603),I,に,ニ
上代（万葉集）Unidic (Ver.1603),I,ける,ケル
上代（万葉集）Unidic (Ver.1603),I,　,
上代（万葉集）Unidic (Ver.1603),I,わづき,ワヅキ
上代（万葉集）Unidic (Ver.1603),I,も,モ
上代（万葉集）Unidic (Ver.1603),I,知ら,シラ
上代（万葉集）Unidic (Ver.1603),I,ず,ズ
上代（万葉集）Unidic (Ver.1603),I,　,
上代（万葉集）Unidic (Ver.1603),I,むら,ムラ
上代（万葉集）Unidic (Ver.1603),I,きもの,キモノ
上代（万葉集）Unidic (Ver.1603),I,　,
上代（万葉集）Unidic (Ver.1603),I,心,ココロ
上代（万葉集）Unidic (Ver.1603),I,を,ヲ
上代（万葉集）Unidic (Ver.1603),I,痛,イタ
上代（万葉集）Unidic (Ver.1603),I,み,ミ
上代（万葉集）Unidic (Ver.1603),I,　,
上代（万葉集）Unidic (Ver.1603),I,ぬえこ,ヌエコ
上代（万葉集）Unidic (Ver.1603),I,鳥,トリ
上代（万葉集）Unidic (Ver.1603),I,　,
上代（万葉集）Unidic (Ver.1603),I,うら,ウラ
上代（万葉集）Unidic (Ver.1603),I,泣け,ナケ
上代（万葉集）Unidic (Ver.1603),I,居れ,オレ
上代（万葉集）Unidic (Ver.1603),I,ば,バ
上代（万葉集）Unidic (Ver.1603),I,　,
上代（万葉集）Unidic (Ver.1603),I,玉,タマ
上代（万葉集）Unidic (Ver.1603),I,たすき,タスキ
上代（万葉集）Unidic (Ver.1603),I,　,
上代（万葉集）Unidic (Ver.1603),I,懸け,カケ
上代（万葉集）Unidic (Ver.1603),I,の,ノ
上代（万葉集）Unidic (Ver.1603),I,よろしく,ヨロシク
上代（万葉集）Unidic (Ver.1603),I,　,
上代（万葉集）Unidic (Ver.1603),I,遠,トオ
上代（万葉集）Unidic (Ver.1603),I,つ,ツ
上代（万葉集）Unidic (Ver.1603),I,神,カミ
上代（万葉集）Unidic (Ver.1603),I,　,
上代（万葉集）Unidic (Ver.1603),I,我,ワ
上代（万葉集）Unidic (Ver.1603),I,が,ガ
上代（万葉集）Unidic (Ver.1603),I,大君,オオキミ
上代（万葉集）Unidic (Ver.1603),I,の,ノ
上代（万葉集）Unidic (Ver.1603),I,　,
上代（万葉集）Unidic (Ver.1603),I,行幸,イデマシ
上代（万葉集）Unidic (Ver.1603),I,の,ノ
上代（万葉集）Unidic (Ver.1603),I,　,
上代（万葉集）Unidic (Ver.1603),I,山,ヤマ
上代（万葉集）Unidic (Ver.1603),I,越す,コス
上代（万葉集）Unidic (Ver.1603),I,風,カゼ
上代（万葉集）Unidic (Ver.1603),I,の,ノ
上代（万葉集）Unidic (Ver.1603),I,　,
上代（万葉集）Unidic (Ver.1603),I,ひとり,ヒトリ
上代（万葉集）Unidic (Ver.1603),I,居る,オル
上代（万葉集）Unidic (Ver.1603),I,　,
上代（万葉集）Unidic (Ver.1603),I,我,ワ
上代（万葉集）Unidic (Ver.1603),I,が,ガ
上代（万葉集）Unidic (Ver.1603),I,衣手,コロモデ
上代（万葉集）Unidic (Ver.1603),I,に,ニ
上代（万葉集）Unidic (Ver.1603),I,　,
上代（万葉集）Unidic (Ver.1603),I,朝夕,アサヨイ
上代（万葉集）Unidic (Ver.1603),I,に,ニ
上代（万葉集）Unidic (Ver.1603),I,　,
上代（万葉集）Unidic (Ver.1603),I,返ら,カイラ
上代（万葉集）Unidic (Ver.1603),I,ひ,ヒ
上代（万葉集）Unidic (Ver.1603),I,ぬれ,ヌレ
上代（万葉集）Unidic (Ver.1603),I,ば,バ
上代（万葉集）Unidic (Ver.1603),I,　,
上代（万葉集）Unidic (Ver.1603),I,大夫,カミ
上代（万葉集）Unidic (Ver.1603),I,と,ト
上代（万葉集）Unidic (Ver.1603),I,　,
上代（万葉集）Unidic (Ver.1603),I,思へ,オモヘ
上代（万葉集）Unidic (Ver.1603),I,る,ル
上代（万葉集）Unidic (Ver.1603),I,我れ,オレ
上代（万葉集）Unidic (Ver.1603),I,も,モ
上代（万葉集）Unidic (Ver.1603),I,　,
上代（万葉集）Unidic (Ver.1603),I,草枕,クサマクラ
上代（万葉集）Unidic (Ver.1603),I,　,
上代（万葉集）Unidic (Ver.1603),I,旅,タビ
上代（万葉集）Unidic (Ver.1603),I,に,ニ
上代（万葉集）Unidic (Ver.1603),I,し,シ
上代（万葉集）Unidic (Ver.1603),I,あれ,アレ
上代（万葉集）Unidic (Ver.1603),I,ば,バ
上代（万葉集）Unidic (Ver.1603),I,　,
上代（万葉集）Unidic (Ver.1603),I,思ひ,オモヒ
上代（万葉集）Unidic (Ver.1603),I,遣る,ヤル
上代（万葉集）Unidic (Ver.1603),I,　,
上代（万葉集）Unidic (Ver.1603),I,たづき,タヅキ
上代（万葉集）Unidic (Ver.1603),I,を,ヲ
上代（万葉集）Unidic (Ver.1603),I,知ら,シラ
上代（万葉集）Unidic (Ver.1603),I,に,ニ
上代（万葉集）Unidic (Ver.1603),I,　,
上代（万葉集）Unidic (Ver.1603),I,網の浦,アミノウラ
上代（万葉集）Unidic (Ver.1603),I,の,ノ
上代（万葉集）Unidic (Ver.1603),I,　,
上代（万葉集）Unidic (Ver.1603),I,海人娘子,アマオトメ
上代（万葉集）Unidic (Ver.1603),I,ら,ラ
上代（万葉集）Unidic (Ver.1603),I,が,ガ
上代（万葉集）Unidic (Ver.1603),I,　,
上代（万葉集）Unidic (Ver.1603),I,焼く,ヤク
上代（万葉集）Unidic (Ver.1603),I,塩,シオ
上代（万葉集）Unidic (Ver.1603),I,の,ノ
上代（万葉集）Unidic (Ver.1603),I,　,
上代（万葉集）Unidic (Ver.1603),I,思ひ,オモヒ
上代（万葉集）Unidic (Ver.1603),I,ぞ,ゾ
上代（万葉集）Unidic (Ver.1603),I,焼くる,ヤクル
上代（万葉集）Unidic (Ver.1603),I,　,
上代（万葉集）Unidic (Ver.1603),I,我,ワ
上代（万葉集）Unidic (Ver.1603),I,が,ガ
上代（万葉集）Unidic (Ver.1603),I,下心,シタゴコロ
上代（万葉集）Unidic (Ver.1603),B,山越し,ヤマゴシ
上代（万葉集）Unidic (Ver.1603),I,の,ノ
上代（万葉集）Unidic (Ver.1603),I,風,カゼ
上代（万葉集）Unidic (Ver.1603),I,を,ヲ
上代（万葉集）Unidic (Ver.1603),I,時じ,トキジ
上代（万葉集）Unidic (Ver.1603),I,み,ミ
上代（万葉集）Unidic (Ver.1603),I,寝る,ヌル
上代（万葉集）Unidic (Ver.1603),I,夜,ヨ
上代（万葉集）Unidic (Ver.1603),I,おち,オチ
上代（万葉集）Unidic (Ver.1603),I,ず,ズ
上代（万葉集）Unidic (Ver.1603),I,家,イエ
上代（万葉集）Unidic (Ver.1603),I,なる,ナル
上代（万葉集）Unidic (Ver.1603),I,妹,イモ
上代（万葉集）Unidic (Ver.1603),I,を,ヲ
上代（万葉集）Unidic (Ver.1603),I,懸け,カケ
上代（万葉集）Unidic (Ver.1603),I,て,テ
上代（万葉集）Unidic (Ver.1603),I,偲ひ,シノヒ
上代（万葉集）Unidic (Ver.1603),I,つ,ツ
上代（万葉集）Unidic (Ver.1603),B,秋,アキ
上代（万葉集）Unidic (Ver.1603),I,の,ノ
上代（万葉集）Unidic (Ver.1603),I,野,ノ
上代（万葉集）Unidic (Ver.1603),I,の,ノ
上代（万葉集）Unidic (Ver.1603),I,み,ミ
上代（万葉集）Unidic (Ver.1603),I,草,クサ
上代（万葉集）Unidic (Ver.1603),I,刈り,カリ
上代（万葉集）Unidic (Ver.1603),I,葺き,フキ
上代（万葉集）Unidic (Ver.1603),I,宿れ,ヤドレ
上代（万葉集）Unidic (Ver.1603),I,り,リ
上代（万葉集）Unidic (Ver.1603),I,し,シ
上代（万葉集）Unidic (Ver.1603),I,宇治,ウジ
上代（万葉集）Unidic (Ver.1603),I,の,ノ
上代（万葉集）Unidic (Ver.1603),I,宮,ミヤ
上代（万葉集）Unidic (Ver.1603),I,処,トコロ
上代（万葉集）Unidic (Ver.1603),I,の,ノ
上代（万葉集）Unidic (Ver.1603),I,仮廬,カリイオ
上代（万葉集）Unidic (Ver.1603),I,し,シ
上代（万葉集）Unidic (Ver.1603),I,思ほゆ,オモホユ
上代（万葉集）Unidic (Ver.1603),B,熟田津,ニキタツ
上代（万葉集）Unidic (Ver.1603),I,に,ニ
上代（万葉集）Unidic (Ver.1603),I,船乗り,フナノリ
上代（万葉集）Unidic (Ver.1603),I,せ,セ
上代（万葉集）Unidic (Ver.1603),I,む,ム
上代（万葉集）Unidic (Ver.1603),I,と,ト
上代（万葉集）Unidic (Ver.1603),I,月,ツキ
上代（万葉集）Unidic (Ver.1603),I,待て,マテ
上代（万葉集）Unidic (Ver.1603),I,ば,バ
上代（万葉集）Unidic (Ver.1603),I,潮,シオ
上代（万葉集）Unidic (Ver.1603),I,も,モ
上代（万葉集）Unidic (Ver.1603),I,かなひ,カナヒ
上代（万葉集）Unidic (Ver.1603),I,ぬ,ヌ
上代（万葉集）Unidic (Ver.1603),I,今,イマ
上代（万葉集）Unidic (Ver.1603),I,は,ハ
上代（万葉集）Unidic (Ver.1603),I,漕ぎ,コギ
上代（万葉集）Unidic (Ver.1603),I,出で,イデ
上代（万葉集）Unidic (Ver.1603),I,な,ナ
上代（万葉集）Unidic (Ver.1603),B,莫,ナキ
上代（万葉集）Unidic (Ver.1603),I,囂,サワギ
上代（万葉集）Unidic (Ver.1603),I,円,マル
上代（万葉集）Unidic (Ver.1603),I,隣,トナリ
上代（万葉集）Unidic (Ver.1603),I,之,ノ
上代（万葉集）Unidic (Ver.1603),I,大,オオ
上代（万葉集）Unidic (Ver.1603),I,相,アイ
上代（万葉集）Unidic (Ver.1603),I,七,ナナ
上代（万葉集）Unidic (Ver.1603),I,兄,ニイ
上代（万葉集）Unidic (Ver.1603),I,爪,ツメ
上代（万葉集）Unidic (Ver.1603),I,謁,ツカエマツリ
上代（万葉集）Unidic (Ver.1603),I,気,ゲ
上代（万葉集）Unidic (Ver.1603),I,我,ワ
上代（万葉集）Unidic (Ver.1603),I,が,ガ
上代（万葉集）Unidic (Ver.1603),I,背子,セコ
上代（万葉集）Unidic (Ver.1603),I,が,ガ
上代（万葉集）Unidic (Ver.1603),I,い,イ
上代（万葉集）Unidic (Ver.1603),I,立た,タタ
上代（万葉集）Unidic (Ver.1603),I,せ,セ
上代（万葉集）Unidic (Ver.1603),I,り,リ
上代（万葉集）Unidic (Ver.1603),I,けむ,ケム
上代（万葉集）Unidic (Ver.1603),I,厳橿,イツカシ
上代（万葉集）Unidic (Ver.1603),I,が,ガ
上代（万葉集）Unidic (Ver.1603),I,本,モト
上代（万葉集）Unidic (Ver.1603),B,君,キミ
上代（万葉集）Unidic (Ver.1603),I,が,ガ
上代（万葉集）Unidic (Ver.1603),I,代,ヨ
上代（万葉集）Unidic (Ver.1603),I,も,モ
上代（万葉集）Unidic (Ver.1603),I,我,ワ
上代（万葉集）Unidic (Ver.1603),I,が,ガ
上代（万葉集）Unidic (Ver.1603),I,代,ヨ
上代（万葉集）Unidic (Ver.1603),I,も,モ
上代（万葉集）Unidic (Ver.1603),I,知る,シル
上代（万葉集）Unidic (Ver.1603),I,や,ヤ
上代（万葉集）Unidic (Ver.1603),I,岩代,イワシロ
上代（万葉集）Unidic (Ver.1603),I,の,ノ
上代（万葉集）Unidic (Ver.1603),I,岡,オカ
上代（万葉集）Unidic (Ver.1603),I,の,ノ
上代（万葉集）Unidic (Ver.1603),I,草根,クサネ
上代（万葉集）Unidic (Ver.1603),I,を,ヲ
上代（万葉集）Unidic (Ver.1603),I,いざ,イザ
上代（万葉集）Unidic (Ver.1603),I,結び,ムスビ
上代（万葉集）Unidic (Ver.1603),I,て,テ
上代（万葉集）Unidic (Ver.1603),I,な,ナ
上代（万葉集）Unidic (Ver.1603),B,我,ワ
上代（万葉集）Unidic (Ver.1603),I,が,ガ
上代（万葉集）Unidic (Ver.1603),I,背子,セコ
上代（万葉集）Unidic (Ver.1603),I,は,ハ
上代（万葉集）Unidic (Ver.1603),I,仮廬,カリイオ
上代（万葉集）Unidic (Ver.1603),I,作ら,ツクラ
上代（万葉集）Unidic (Ver.1603),I,す,ス
上代（万葉集）Unidic (Ver.1603),I,草,カヤ
上代（万葉集）Unidic (Ver.1603),I,なく,ナク
上代（万葉集）Unidic (Ver.1603),I,は,ハ
上代（万葉集）Unidic (Ver.1603),I,小松,コマツ
上代（万葉集）Unidic (Ver.1603),I,が,ガ
上代（万葉集）Unidic (Ver.1603),I,下,モト
上代（万葉集）Unidic (Ver.1603),I,の,ノ
上代（万葉集）Unidic (Ver.1603),I,草,クサ
上代（万葉集）Unidic (Ver.1603),I,を,ヲ
上代（万葉集）Unidic (Ver.1603),I,刈ら,カラ
上代（万葉集）Unidic (Ver.1603),I,さ,サ
上代（万葉集）Unidic (Ver.1603),I,ね,ネ
上代（万葉集）Unidic (Ver.1603),B,我,ワ
上代（万葉集）Unidic (Ver.1603),I,が,ガ
上代（万葉集）Unidic (Ver.1603),I,欲り,ホリ
上代（万葉集）Unidic (Ver.1603),I,し,シ
上代（万葉集）Unidic (Ver.1603),I,野島,ノシマ
上代（万葉集）Unidic (Ver.1603),I,は,ハ
上代（万葉集）Unidic (Ver.1603),I,見せ,ミセ
上代（万葉集）Unidic (Ver.1603),I,つ,ツ
上代（万葉集）Unidic (Ver.1603),I,底,ソコ
上代（万葉集）Unidic (Ver.1603),I,深き,フカキ
上代（万葉集）Unidic (Ver.1603),I,阿胡根,アゴネ
上代（万葉集）Unidic (Ver.1603),I,の,ノ
上代（万葉集）Unidic (Ver.1603),I,浦,ウラ
上代（万葉集）Unidic (Ver.1603),I,の,ノ
上代（万葉集）Unidic (Ver.1603),I,玉,タマ
上代（万葉集）Unidic (Ver.1603),I,ぞ,ゾ
上代（万葉集）Unidic (Ver.1603),I,拾は,ヒリハ
上代（万葉集）Unidic (Ver.1603),I,ぬ,ヌ
上代（万葉集）Unidic (Ver.1603),I,　,
上代（万葉集）Unidic (Ver.1603),I,或,アル
上代（万葉集）Unidic (Ver.1603),I,頭,ハシ
上代（万葉集）Unidic (Ver.1603),I,云,イヒ
上代（万葉集）Unidic (Ver.1603),I,　,
上代（万葉集）Unidic (Ver.1603),I,我,ワ
上代（万葉集）Unidic (Ver.1603),I,が,ガ
上代（万葉集）Unidic (Ver.1603),I,欲り,ホリ
上代（万葉集）Unidic (Ver.1603),I,し,シ
上代（万葉集）Unidic (Ver.1603),I,子島,コシマ
上代（万葉集）Unidic (Ver.1603),I,は,ハ
上代（万葉集）Unidic (Ver.1603),I,見,ミ
上代（万葉集）Unidic (Ver.1603),I,し,シ
上代（万葉集）Unidic (Ver.1603),I,を,ヲ
上代（万葉集）Unidic (Ver.1603),B,香具山,カグヤマ
上代（万葉集）Unidic (Ver.1603),I,と,ト
上代（万葉集）Unidic (Ver.1603),I,耳成,ミミナシ
上代（万葉集）Unidic (Ver.1603),I,山,ヤマ
上代（万葉集）Unidic (Ver.1603),I,と,ト
上代（万葉集）Unidic (Ver.1603),I,闘ひ,タタカヒ
上代（万葉集）Unidic (Ver.1603),I,し,シ
上代（万葉集）Unidic (Ver.1603),I,時,トキ
上代（万葉集）Unidic (Ver.1603),I,立ち,タチ
上代（万葉集）Unidic (Ver.1603),I,て,テ
上代（万葉集）Unidic (Ver.1603),I,見,ミ
上代（万葉集）Unidic (Ver.1603),I,に,ニ
上代（万葉集）Unidic (Ver.1603),I,来,コ
上代（万葉集）Unidic (Ver.1603),I,し,シ
上代（万葉集）Unidic (Ver.1603),I,印南,イナミ
上代（万葉集）Unidic (Ver.1603),I,国原,クニハラ
上代（万葉集）Unidic (Ver.1603),B,海神,ワタツミ
上代（万葉集）Unidic (Ver.1603),I,の,ノ
上代（万葉集）Unidic (Ver.1603),I,豊,トヨ
上代（万葉集）Unidic (Ver.1603),I,旗雲,ハタクモ
上代（万葉集）Unidic (Ver.1603),I,に,ニ
上代（万葉集）Unidic (Ver.1603),I,入日,イリヒ
上代（万葉集）Unidic (Ver.1603),I,さし,サシ
上代（万葉集）Unidic (Ver.1603),I,今夜,コヨイ
上代（万葉集）Unidic (Ver.1603),I,の,ノ
上代（万葉集）Unidic (Ver.1603),I,月夜,ツクヨ
上代（万葉集）Unidic (Ver.1603),I,さやけく,サヤケク
上代（万葉集）Unidic (Ver.1603),I,あり,アリ
上代（万葉集）Unidic (Ver.1603),I,こそ,コソ
上代（万葉集）Unidic (Ver.1603),B,冬こもり,フユコモリ
上代（万葉集）Unidic (Ver.1603),I,　,
上代（万葉集）Unidic (Ver.1603),I,春,ハル
上代（万葉集）Unidic (Ver.1603),I,さり,サリ
上代（万葉集）Unidic (Ver.1603),I,来れ,クレ
上代（万葉集）Unidic (Ver.1603),I,ば,バ
上代（万葉集）Unidic (Ver.1603),I,　,
上代（万葉集）Unidic (Ver.1603),I,鳴か,ナカ
上代（万葉集）Unidic (Ver.1603),I,ず,ズ
上代（万葉集）Unidic (Ver.1603),I,あり,アリ
上代（万葉集）Unidic (Ver.1603),I,し,シ
上代（万葉集）Unidic (Ver.1603),I,　,
上代（万葉集）Unidic (Ver.1603),I,鳥,トリ
上代（万葉集）Unidic (Ver.1603),I,も,モ
上代（万葉集）Unidic (Ver.1603),I,来,キ
上代（万葉集）Unidic (Ver.1603),I,鳴き,ナキ
上代（万葉集）Unidic (Ver.1603),I,ぬ,ヌ
上代（万葉集）Unidic (Ver.1603),I,　,
上代（万葉集）Unidic (Ver.1603),I,咲か,サカ
上代（万葉集）Unidic (Ver.1603),I,ず,ズ
上代（万葉集）Unidic (Ver.1603),I,あり,アリ
上代（万葉集）Unidic (Ver.1603),I,し,シ
上代（万葉集）Unidic (Ver.1603),I,　,
上代（万葉集）Unidic (Ver.1603),I,花,ハナ
上代（万葉集）Unidic (Ver.1603),I,も,モ
上代（万葉集）Unidic (Ver.1603),I,咲け,サケ
上代（万葉集）Unidic (Ver.1603),I,れ,レ
上代（万葉集）Unidic (Ver.1603),I,ど,ド
上代（万葉集）Unidic (Ver.1603),I,　,
上代（万葉集）Unidic (Ver.1603),I,山,ヤマ
上代（万葉集）Unidic (Ver.1603),I,を,ヲ
上代（万葉集）Unidic (Ver.1603),I,茂,モ
上代（万葉集）Unidic (Ver.1603),I,み,ミ
上代（万葉集）Unidic (Ver.1603),I,　,
上代（万葉集）Unidic (Ver.1603),I,入り,イリ
上代（万葉集）Unidic (Ver.1603),I,て,テ
上代（万葉集）Unidic (Ver.1603),I,も,モ
上代（万葉集）Unidic (Ver.1603),I,取ら,トラ
上代（万葉集）Unidic (Ver.1603),I,ず,ズ
上代（万葉集）Unidic (Ver.1603),I,　,
上代（万葉集）Unidic (Ver.1603),I,草深,クサブカ
上代（万葉集）Unidic (Ver.1603),I,み,ミ
上代（万葉集）Unidic (Ver.1603),I,　,
上代（万葉集）Unidic (Ver.1603),I,取り,トリ
上代（万葉集）Unidic (Ver.1603),I,て,テ
上代（万葉集）Unidic (Ver.1603),I,も,モ
上代（万葉集）Unidic (Ver.1603),I,見,ミ
上代（万葉集）Unidic (Ver.1603),I,ず,ズ
上代（万葉集）Unidic (Ver.1603),I,　,
上代（万葉集）Unidic (Ver.1603),I,秋山,アキヤマ
上代（万葉集）Unidic (Ver.1603),I,の,ノ
上代（万葉集）Unidic (Ver.1603),I,　,
上代（万葉集）Unidic (Ver.1603),I,木,コ
上代（万葉集）Unidic (Ver.1603),I,の,ノ
上代（万葉集）Unidic (Ver.1603),I,葉,ハ
上代（万葉集）Unidic (Ver.1603),I,を,ヲ
上代（万葉集）Unidic (Ver.1603),I,見,ミ
上代（万葉集）Unidic (Ver.1603),I,て,テ
上代（万葉集）Unidic (Ver.1603),I,は,ハ
上代（万葉集）Unidic (Ver.1603),I,　,
上代（万葉集）Unidic (Ver.1603),I,黄葉,モミチ
上代（万葉集）Unidic (Ver.1603),I,を,ヲ
上代（万葉集）Unidic (Ver.1603),I,ば,バ
上代（万葉集）Unidic (Ver.1603),I,　,
上代（万葉集）Unidic (Ver.1603),I,取り,トリ
上代（万葉集）Unidic (Ver.1603),I,て,テ
上代（万葉集）Unidic (Ver.1603),I,ぞ,ゾ
上代（万葉集）Unidic (Ver.1603),I,偲ふ,シノフ
上代（万葉集）Unidic (Ver.1603),I,　,
上代（万葉集）Unidic (Ver.1603),I,青き,アオキ
上代（万葉集）Unidic (Ver.1603),I,を,ヲ
上代（万葉集）Unidic (Ver.1603),I,ば,バ
上代（万葉集）Unidic (Ver.1603),I,　,
上代（万葉集）Unidic (Ver.1603),I,置き,オキ
上代（万葉集）Unidic (Ver.1603),I,て,テ
上代（万葉集）Unidic (Ver.1603),I,ぞ,ゾ
上代（万葉集）Unidic (Ver.1603),I,嘆く,ナゲク
上代（万葉集）Unidic (Ver.1603),I,　,
上代（万葉集）Unidic (Ver.1603),I,そこ,ソコ
上代（万葉集）Unidic (Ver.1603),I,し,シ
上代（万葉集）Unidic (Ver.1603),I,恨めし,ウラメシ
上代（万葉集）Unidic (Ver.1603),I,　,
上代（万葉集）Unidic (Ver.1603),I,秋山,アキヤマ
上代（万葉集）Unidic (Ver.1603),I,吾,ア
上代（万葉集）Unidic (Ver.1603),I,は,ハ
上代（万葉集）Unidic (Ver.1603),B,味酒,ウマサケ
上代（万葉集）Unidic (Ver.1603),I,　,
上代（万葉集）Unidic (Ver.1603),I,三輪,ミワ
上代（万葉集）Unidic (Ver.1603),I,の,ノ
上代（万葉集）Unidic (Ver.1603),I,山,ヤマ
上代（万葉集）Unidic (Ver.1603),I,　,
上代（万葉集）Unidic (Ver.1603),I,あをによし,アヲニヨシ
上代（万葉集）Unidic (Ver.1603),I,　,
上代（万葉集）Unidic (Ver.1603),I,奈良,ナラ
上代（万葉集）Unidic (Ver.1603),I,の,ノ
上代（万葉集）Unidic (Ver.1603),I,山,ヤマ
上代（万葉集）Unidic (Ver.1603),I,の,ノ
上代（万葉集）Unidic (Ver.1603),I,　,
上代（万葉集）Unidic (Ver.1603),I,山,ヤマ
上代（万葉集）Unidic (Ver.1603),I,の,ノ
上代（万葉集）Unidic (Ver.1603),I,際,マ
上代（万葉集）Unidic (Ver.1603),I,に,ニ
上代（万葉集）Unidic (Ver.1603),I,　,
上代（万葉集）Unidic (Ver.1603),I,い,イ
上代（万葉集）Unidic (Ver.1603),I,隠る,カクル
上代（万葉集）Unidic (Ver.1603),I,まで,マデ
上代（万葉集）Unidic (Ver.1603),I,　,
上代（万葉集）Unidic (Ver.1603),I,道,ミチ
上代（万葉集）Unidic (Ver.1603),I,の,ノ
上代（万葉集）Unidic (Ver.1603),I,隈,クマ
上代（万葉集）Unidic (Ver.1603),I,　,
上代（万葉集）Unidic (Ver.1603),I,い,イ
上代（万葉集）Unidic (Ver.1603),I,積もる,ツモル
上代（万葉集）Unidic (Ver.1603),I,まで,マデ
上代（万葉集）Unidic (Ver.1603),I,に,ニ
上代（万葉集）Unidic (Ver.1603),I,　,
上代（万葉集）Unidic (Ver.1603),I,つばら,ツバラ
上代（万葉集）Unidic (Ver.1603),I,に,ニ
上代（万葉集）Unidic (Ver.1603),I,も,モ
上代（万葉集）Unidic (Ver.1603),I,　,
上代（万葉集）Unidic (Ver.1603),I,見,ミ
上代（万葉集）Unidic (Ver.1603),I,つつ,ツツ
上代（万葉集）Unidic (Ver.1603),I,行か,ユカ
上代（万葉集）Unidic (Ver.1603),I,む,ム
上代（万葉集）Unidic (Ver.1603),I,を,ヲ
上代（万葉集）Unidic (Ver.1603),I,　,
上代（万葉集）Unidic (Ver.1603),I,しばしば,シバシバ
上代（万葉集）Unidic (Ver.1603),I,も,モ
上代（万葉集）Unidic (Ver.1603),I,　,
上代（万葉集）Unidic (Ver.1603),I,見,ミ
上代（万葉集）Unidic (Ver.1603),I,放け,サケ
上代（万葉集）Unidic (Ver.1603),I,む,ム
上代（万葉集）Unidic (Ver.1603),I,山,ヤマ
上代（万葉集）Unidic (Ver.1603),I,を,ヲ
上代（万葉集）Unidic (Ver.1603),I,　,
上代（万葉集）Unidic (Ver.1603),I,心なく,ココロナク
上代（万葉集）Unidic (Ver.1603),I,　,
上代（万葉集）Unidic (Ver.1603),I,雲,クモ
上代（万葉集）Unidic (Ver.1603),I,の,ノ
上代（万葉集）Unidic (Ver.1603),I,　,
上代（万葉集）Unidic (Ver.1603),I,隠さ,カクサ
上代（万葉集）Unidic (Ver.1603),I,ふ,フ
上代（万葉集）Unidic (Ver.1603),I,べし,ベシ
上代（万葉集）Unidic (Ver.1603),I,や,ヤ
上代（万葉集）Unidic (Ver.1603),B,三輪,ミワ
上代（万葉集）Unidic (Ver.1603),I,山,ヤマ
上代（万葉集）Unidic (Ver.1603),I,を,ヲ
上代（万葉集）Unidic (Ver.1603),I,し,シ
上代（万葉集）Unidic (Ver.1603),I,か,カ
上代（万葉集）Unidic (Ver.1603),I,も,モ
上代（万葉集）Unidic (Ver.1603),I,隠す,カクス
上代（万葉集）Unidic (Ver.1603),I,か,カ
上代（万葉集）Unidic (Ver.1603),I,雲,クモ
上代（万葉集）Unidic (Ver.1603),I,だに,ダニ
上代（万葉集）Unidic (Ver.1603),I,も,モ
上代（万葉集）Unidic (Ver.1603),I,心,ココロ
上代（万葉集）Unidic (Ver.1603),I,あら,アラ
上代（万葉集）Unidic (Ver.1603),I,なも,ナモ
上代（万葉集）Unidic (Ver.1603),I,隠さ,カクサ
上代（万葉集）Unidic (Ver.1603),I,ふ,フ
上代（万葉集）Unidic (Ver.1603),I,べし,ベシ
上代（万葉集）Unidic (Ver.1603),I,や,ヤ
上代（万葉集）Unidic (Ver.1603),B,綜麻,ヘソ
上代（万葉集）Unidic (Ver.1603),I,形,カタ
上代（万葉集）Unidic (Ver.1603),I,の,ノ
上代（万葉集）Unidic (Ver.1603),I,林,ハヤシ
上代（万葉集）Unidic (Ver.1603),I,の,ノ
上代（万葉集）Unidic (Ver.1603),I,さき,サキ
上代（万葉集）Unidic (Ver.1603),I,の,ノ
上代（万葉集）Unidic (Ver.1603),I,さ,サ
上代（万葉集）Unidic (Ver.1603),I,野榛,ノハリ
上代（万葉集）Unidic (Ver.1603),I,の,ノ
上代（万葉集）Unidic (Ver.1603),I,衣,コロモ
上代（万葉集）Unidic (Ver.1603),I,に,ニ
上代（万葉集）Unidic (Ver.1603),I,付く,ツク
上代（万葉集）Unidic (Ver.1603),I,なす,ナス
上代（万葉集）Unidic (Ver.1603),I,目,メ
上代（万葉集）Unidic (Ver.1603),I,に,ニ
上代（万葉集）Unidic (Ver.1603),I,つく,ツク
上代（万葉集）Unidic (Ver.1603),I,吾,ア
上代（万葉集）Unidic (Ver.1603),I,が,ガ
上代（万葉集）Unidic (Ver.1603),I,背,セ
上代（万葉集）Unidic (Ver.1603),B,あかね,アカネ
上代（万葉集）Unidic (Ver.1603),I,さす,サス
上代（万葉集）Unidic (Ver.1603),I,紫野,ムラサキノ
上代（万葉集）Unidic (Ver.1603),I,行き,ユキ
上代（万葉集）Unidic (Ver.1603),I,標野,シメノ
上代（万葉集）Unidic (Ver.1603),I,行き,ユキ
上代（万葉集）Unidic (Ver.1603),I,野守,ノモリ
上代（万葉集）Unidic (Ver.1603),I,は,ハ
上代（万葉集）Unidic (Ver.1603),I,見,ミ
上代（万葉集）Unidic (Ver.1603),I,ず,ズ
上代（万葉集）Unidic (Ver.1603),I,や,ヤ
上代（万葉集）Unidic (Ver.1603),I,君,キミ
上代（万葉集）Unidic (Ver.1603),I,が,ガ
上代（万葉集）Unidic (Ver.1603),I,袖,ソデ
上代（万葉集）Unidic (Ver.1603),I,振る,フル
上代（万葉集）Unidic (Ver.1603),B,紫,ムラサキ
上代（万葉集）Unidic (Ver.1603),I,の,ノ
上代（万葉集）Unidic (Ver.1603),I,にほへ,ニホヘ
上代（万葉集）Unidic (Ver.1603),I,る,ル
上代（万葉集）Unidic (Ver.1603),I,妹,イモ
上代（万葉集）Unidic (Ver.1603),I,を,ヲ
上代（万葉集）Unidic (Ver.1603),I,憎く,ニクク
上代（万葉集）Unidic (Ver.1603),I,あら,アラ
上代（万葉集）Unidic (Ver.1603),I,ば,バ
上代（万葉集）Unidic (Ver.1603),I,人妻,ヒトヅマ
上代（万葉集）Unidic (Ver.1603),I,故,ユエ
上代（万葉集）Unidic (Ver.1603),I,に,ニ
上代（万葉集）Unidic (Ver.1603),I,我れ,オレ
上代（万葉集）Unidic (Ver.1603),I,恋ひ,コヒ
上代（万葉集）Unidic (Ver.1603),I,め,メ
上代（万葉集）Unidic (Ver.1603),I,や,ヤ
上代（万葉集）Unidic (Ver.1603),I,も,モ
上代（万葉集）Unidic (Ver.1603),B,川,カワ
上代（万葉集）Unidic (Ver.1603),I,の,ノ
上代（万葉集）Unidic (Ver.1603),I,上,ウエ
上代（万葉集）Unidic (Ver.1603),I,の,ノ
上代（万葉集）Unidic (Ver.1603),I,ゆ,ユ
上代（万葉集）Unidic (Ver.1603),I,つ,ツ
上代（万葉集）Unidic (Ver.1603),I,岩群,イワムラ
上代（万葉集）Unidic (Ver.1603),I,に,ニ
上代（万葉集）Unidic (Ver.1603),I,草,クサ
上代（万葉集）Unidic (Ver.1603),I,生さ,ムサ
上代（万葉集）Unidic (Ver.1603),I,ず,ズ
上代（万葉集）Unidic (Ver.1603),I,常,ツネ
上代（万葉集）Unidic (Ver.1603),I,に,ニ
上代（万葉集）Unidic (Ver.1603),I,もがも,モガモ
上代（万葉集）Unidic (Ver.1603),I,な,ナ
上代（万葉集）Unidic (Ver.1603),I,常,ツネ
上代（万葉集）Unidic (Ver.1603),I,処女,オトメ
上代（万葉集）Unidic (Ver.1603),I,に,ニ
上代（万葉集）Unidic (Ver.1603),I,て,テ
上代（万葉集）Unidic (Ver.1603),B,打ち,ウチ
上代（万葉集）Unidic (Ver.1603),I,麻,オ
上代（万葉集）Unidic (Ver.1603),I,を,ヲ
上代（万葉集）Unidic (Ver.1603),I,麻,オ
上代（万葉集）Unidic (Ver.1603),I,続,ツヅキ
上代（万葉集）Unidic (Ver.1603),I,の,ノ
上代（万葉集）Unidic (Ver.1603),I,王,オオキミ
上代（万葉集）Unidic (Ver.1603),I,海人,アマ
上代（万葉集）Unidic (Ver.1603),I,なれ,ナレ
上代（万葉集）Unidic (Ver.1603),I,や,ヤ
上代（万葉集）Unidic (Ver.1603),I,伊良虞,イラゴ
上代（万葉集）Unidic (Ver.1603),I,の,ノ
上代（万葉集）Unidic (Ver.1603),I,島,シマ
上代（万葉集）Unidic (Ver.1603),I,の,ノ
上代（万葉集）Unidic (Ver.1603),I,玉藻,タマモ
上代（万葉集）Unidic (Ver.1603),I,刈り,カリ
上代（万葉集）Unidic (Ver.1603),I,ます,マス
上代（万葉集）Unidic (Ver.1603),B,うつせみ,ウツセミ
上代（万葉集）Unidic (Ver.1603),I,の,ノ
上代（万葉集）Unidic (Ver.1603),I,命,イノチ
上代（万葉集）Unidic (Ver.1603),I,を,ヲ
上代（万葉集）Unidic (Ver.1603),I,惜し,オシ
上代（万葉集）Unidic (Ver.1603),I,み,ミ
上代（万葉集）Unidic (Ver.1603),I,波,ナミ
上代（万葉集）Unidic (Ver.1603),I,に,ニ
上代（万葉集）Unidic (Ver.1603),I,濡れ,ヌレ
上代（万葉集）Unidic (Ver.1603),I,伊良虞,イラゴ
上代（万葉集）Unidic (Ver.1603),I,の,ノ
上代（万葉集）Unidic (Ver.1603),I,島,シマ
上代（万葉集）Unidic (Ver.1603),I,の,ノ
上代（万葉集）Unidic (Ver.1603),I,玉藻,タマモ
上代（万葉集）Unidic (Ver.1603),I,刈り,カリ
上代（万葉集）Unidic (Ver.1603),I,食す,オス
上代（万葉集）Unidic (Ver.1603),B,み吉野,ミヨシノ
上代（万葉集）Unidic (Ver.1603),I,の,ノ
上代（万葉集）Unidic (Ver.1603),I,　,
上代（万葉集）Unidic (Ver.1603),I,耳我,ミミガ
上代（万葉集）Unidic (Ver.1603),I,の,ノ
上代（万葉集）Unidic (Ver.1603),I,嶺,ネ
上代（万葉集）Unidic (Ver.1603),I,に,ニ
上代（万葉集）Unidic (Ver.1603),I,　,
上代（万葉集）Unidic (Ver.1603),I,時なく,トキナク
上代（万葉集）Unidic (Ver.1603),I,ぞ,ゾ
上代（万葉集）Unidic (Ver.1603),I,　,
上代（万葉集）Unidic (Ver.1603),I,雪,ユキ
上代（万葉集）Unidic (Ver.1603),I,は,ハ
上代（万葉集）Unidic (Ver.1603),I,降り,フリ
上代（万葉集）Unidic (Ver.1603),I,ける,ケル
上代（万葉集）Unidic (Ver.1603),I,　,
上代（万葉集）Unidic (Ver.1603),I,間無く,マナク
上代（万葉集）Unidic (Ver.1603),I,ぞ,ゾ
上代（万葉集）Unidic (Ver.1603),I,　,
上代（万葉集）Unidic (Ver.1603),I,雨,アメ
上代（万葉集）Unidic (Ver.1603),I,は,ハ
上代（万葉集）Unidic (Ver.1603),I,降り,フリ
上代（万葉集）Unidic (Ver.1603),I,ける,ケル
上代（万葉集）Unidic (Ver.1603),I,　,
上代（万葉集）Unidic (Ver.1603),I,そ,ソ
上代（万葉集）Unidic (Ver.1603),I,の,ノ
上代（万葉集）Unidic (Ver.1603),I,雪,ユキ
上代（万葉集）Unidic (Ver.1603),I,の,ノ
上代（万葉集）Unidic (Ver.1603),I,　,
上代（万葉集）Unidic (Ver.1603),I,時なき,トキナキ
上代（万葉集）Unidic (Ver.1603),I,が,ガ
上代（万葉集）Unidic (Ver.1603),I,ごと,ゴト
上代（万葉集）Unidic (Ver.1603),I,　,
上代（万葉集）Unidic (Ver.1603),I,そ,ソ
上代（万葉集）Unidic (Ver.1603),I,の,ノ
上代（万葉集）Unidic (Ver.1603),I,雨,アメ
上代（万葉集）Unidic (Ver.1603),I,の,ノ
上代（万葉集）Unidic (Ver.1603),I,　,
上代（万葉集）Unidic (Ver.1603),I,間なき,マナキ
上代（万葉集）Unidic (Ver.1603),I,が,ガ
上代（万葉集）Unidic (Ver.1603),I,ごと,ゴト
上代（万葉集）Unidic (Ver.1603),I,　,
上代（万葉集）Unidic (Ver.1603),I,隈,クマ
上代（万葉集）Unidic (Ver.1603),I,も,モ
上代（万葉集）Unidic (Ver.1603),I,おち,オチ
上代（万葉集）Unidic (Ver.1603),I,ず,ズ
上代（万葉集）Unidic (Ver.1603),I,　,
上代（万葉集）Unidic (Ver.1603),I,思ひ,オモヒ
上代（万葉集）Unidic (Ver.1603),I,つつ,ツツ
上代（万葉集）Unidic (Ver.1603),I,ぞ,ゾ
上代（万葉集）Unidic (Ver.1603),I,来る,クル
上代（万葉集）Unidic (Ver.1603),I,　,
上代（万葉集）Unidic (Ver.1603),I,そ,ソ
上代（万葉集）Unidic (Ver.1603),I,の,ノ
上代（万葉集）Unidic (Ver.1603),I,山道,ヤマジ
上代（万葉集）Unidic (Ver.1603),I,を,ヲ
上代（万葉集）Unidic (Ver.1603),B,淑き,ヨキ
上代（万葉集）Unidic (Ver.1603),I,人,ヒト
上代（万葉集）Unidic (Ver.1603),I,の,ノ
上代（万葉集）Unidic (Ver.1603),I,よし,ヨシ
上代（万葉集）Unidic (Ver.1603),I,と,ト
上代（万葉集）Unidic (Ver.1603),I,よく,ヨク
上代（万葉集）Unidic (Ver.1603),I,見,ミ
上代（万葉集）Unidic (Ver.1603),I,て,テ
上代（万葉集）Unidic (Ver.1603),I,よし,ヨシ
上代（万葉集）Unidic (Ver.1603),I,と,ト
上代（万葉集）Unidic (Ver.1603),I,言ひ,イヒ
上代（万葉集）Unidic (Ver.1603),I,し,シ
上代（万葉集）Unidic (Ver.1603),I,吉野,ヨシノ
上代（万葉集）Unidic (Ver.1603),I,よく,ヨク
上代（万葉集）Unidic (Ver.1603),I,見よ,ミヨ
上代（万葉集）Unidic (Ver.1603),I,良き,ヨキ
上代（万葉集）Unidic (Ver.1603),I,人,ヒト
上代（万葉集）Unidic (Ver.1603),I,よく,ヨク
上代（万葉集）Unidic (Ver.1603),I,見,ミ
上代（万葉集）Unidic (Ver.1603),B,春,ハル
上代（万葉集）Unidic (Ver.1603),I,過ぎ,スギ
上代（万葉集）Unidic (Ver.1603),I,て,テ
上代（万葉集）Unidic (Ver.1603),I,夏,ナツ
上代（万葉集）Unidic (Ver.1603),I,来る,キタル
上代（万葉集）Unidic (Ver.1603),I,らし,ラシ
上代（万葉集）Unidic (Ver.1603),I,白栲,シロタエ
上代（万葉集）Unidic (Ver.1603),I,の,ノ
上代（万葉集）Unidic (Ver.1603),I,衣,コロモ
上代（万葉集）Unidic (Ver.1603),I,干し,ホシ
上代（万葉集）Unidic (Ver.1603),I,たり,タリ
上代（万葉集）Unidic (Ver.1603),I,天,アマ
上代（万葉集）Unidic (Ver.1603),I,の,ノ
上代（万葉集）Unidic (Ver.1603),I,香具山,カグヤマ
上代（万葉集）Unidic (Ver.1603),B,玉,タマ
上代（万葉集）Unidic (Ver.1603),I,たすき,タスキ
上代（万葉集）Unidic (Ver.1603),I,　,
上代（万葉集）Unidic (Ver.1603),I,畝傍,ウネビ
上代（万葉集）Unidic (Ver.1603),I,の,ノ
上代（万葉集）Unidic (Ver.1603),I,山,ヤマ
上代（万葉集）Unidic (Ver.1603),I,の,ノ
上代（万葉集）Unidic (Ver.1603),I,　,
上代（万葉集）Unidic (Ver.1603),I,橿原,カシハラ
上代（万葉集）Unidic (Ver.1603),I,の,ノ
上代（万葉集）Unidic (Ver.1603),I,　,
上代（万葉集）Unidic (Ver.1603),I,ひじり,ヒジリ
上代（万葉集）Unidic (Ver.1603),I,の,ノ
上代（万葉集）Unidic (Ver.1603),I,御代,ミヨ
上代（万葉集）Unidic (Ver.1603),I,ゆ,ユ
上代（万葉集）Unidic (Ver.1603),I,　,
上代（万葉集）Unidic (Ver.1603),I,［,
上代（万葉集）Unidic (Ver.1603),I,或,アル
上代（万葉集）Unidic (Ver.1603),I,云,イヒ
上代（万葉集）Unidic (Ver.1603),I,　,
上代（万葉集）Unidic (Ver.1603),I,宮,ミヤ
上代（万葉集）Unidic (Ver.1603),I,ゆ,ユ
上代（万葉集）Unidic (Ver.1603),I,］,
上代（万葉集）Unidic (Ver.1603),I,　,
上代（万葉集）Unidic (Ver.1603),I,生れ,アレ
上代（万葉集）Unidic (Ver.1603),I,まし,マシ
上代（万葉集）Unidic (Ver.1603),I,し,シ
上代（万葉集）Unidic (Ver.1603),I,　,
上代（万葉集）Unidic (Ver.1603),I,神,カミ
上代（万葉集）Unidic (Ver.1603),I,の,ノ
上代（万葉集）Unidic (Ver.1603),I,ことごと,コトゴト
上代（万葉集）Unidic (Ver.1603),I,　,
上代（万葉集）Unidic (Ver.1603),I,栂,ツガ
上代（万葉集）Unidic (Ver.1603),I,の,ノ
上代（万葉集）Unidic (Ver.1603),I,木,コ
上代（万葉集）Unidic (Ver.1603),I,の,ノ
上代（万葉集）Unidic (Ver.1603),I,　,
上代（万葉集）Unidic (Ver.1603),I,いや,イヤ
上代（万葉集）Unidic (Ver.1603),I,継ぎ継ぎ,ツギツギ
上代（万葉集）Unidic (Ver.1603),I,に,ニ
上代（万葉集）Unidic (Ver.1603),I,　,
上代（万葉集）Unidic (Ver.1603),I,天,アマ
上代（万葉集）Unidic (Ver.1603),I,の,ノ
上代（万葉集）Unidic (Ver.1603),I,下,シタ
上代（万葉集）Unidic (Ver.1603),I,　,
上代（万葉集）Unidic (Ver.1603),I,知らしめし,シラシメシ
上代（万葉集）Unidic (Ver.1603),I,し,シ
上代（万葉集）Unidic (Ver.1603),I,を,ヲ
上代（万葉集）Unidic (Ver.1603),I,　,
上代（万葉集）Unidic (Ver.1603),I,［,
上代（万葉集）Unidic (Ver.1603),I,或,アル
上代（万葉集）Unidic (Ver.1603),I,云,イヒ
上代（万葉集）Unidic (Ver.1603),I,　,
上代（万葉集）Unidic (Ver.1603),I,めし,メシ
上代（万葉集）Unidic (Ver.1603),I,ける,ケル
上代（万葉集）Unidic (Ver.1603),I,］,
上代（万葉集）Unidic (Ver.1603),I,　,
上代（万葉集）Unidic (Ver.1603),I,そらにみつ,ソラニミツ
上代（万葉集）Unidic (Ver.1603),I,　,
上代（万葉集）Unidic (Ver.1603),I,大和,ヤマト
上代（万葉集）Unidic (Ver.1603),I,を,ヲ
上代（万葉集）Unidic (Ver.1603),I,置き,オキ
上代（万葉集）Unidic (Ver.1603),I,て,テ
上代（万葉集）Unidic (Ver.1603),I,　,
上代（万葉集）Unidic (Ver.1603),I,あをによし,アヲニヨシ
上代（万葉集）Unidic (Ver.1603),I,　,
上代（万葉集）Unidic (Ver.1603),I,奈良山,ナラヤマ
上代（万葉集）Unidic (Ver.1603),I,を,ヲ
上代（万葉集）Unidic (Ver.1603),I,越え,コエ
上代（万葉集）Unidic (Ver.1603),I,　,
上代（万葉集）Unidic (Ver.1603),I,［,
上代（万葉集）Unidic (Ver.1603),I,或,アル
上代（万葉集）Unidic (Ver.1603),I,云,イヒ
上代（万葉集）Unidic (Ver.1603),I,　,
上代（万葉集）Unidic (Ver.1603),I,そらみつ,ソラミツ
上代（万葉集）Unidic (Ver.1603),I,　,
上代（万葉集）Unidic (Ver.1603),I,大和,ヤマト
上代（万葉集）Unidic (Ver.1603),I,を,ヲ
上代（万葉集）Unidic (Ver.1603),I,置き,オキ
上代（万葉集）Unidic (Ver.1603),I,　,
上代（万葉集）Unidic (Ver.1603),I,あをによし,アヲニヨシ
上代（万葉集）Unidic (Ver.1603),I,　,
上代（万葉集）Unidic (Ver.1603),I,奈良山,ナラヤマ
上代（万葉集）Unidic (Ver.1603),I,越え,コエ
上代（万葉集）Unidic (Ver.1603),I,て,テ
上代（万葉集）Unidic (Ver.1603),I,］,
上代（万葉集）Unidic (Ver.1603),I,　,
上代（万葉集）Unidic (Ver.1603),I,いかさま,イカサマ
上代（万葉集）Unidic (Ver.1603),I,に,ニ
上代（万葉集）Unidic (Ver.1603),I,　,
上代（万葉集）Unidic (Ver.1603),I,思ほしめせ,オモホシメセ
上代（万葉集）Unidic (Ver.1603),I,か,カ
上代（万葉集）Unidic (Ver.1603),I,　,
上代（万葉集）Unidic (Ver.1603),I,［,
上代（万葉集）Unidic (Ver.1603),I,或,アル
上代（万葉集）Unidic (Ver.1603),I,云,イヒ
上代（万葉集）Unidic (Ver.1603),I,　,
上代（万葉集）Unidic (Ver.1603),I,思ほし,オモホシ
上代（万葉集）Unidic (Ver.1603),I,けめ,ケメ
上代（万葉集）Unidic (Ver.1603),I,か,カ
上代（万葉集）Unidic (Ver.1603),I,］,
上代（万葉集）Unidic (Ver.1603),I,　,
上代（万葉集）Unidic (Ver.1603),I,天離る,アマザカル
上代（万葉集）Unidic (Ver.1603),I,　,
上代（万葉集）Unidic (Ver.1603),I,鄙,ヒナ
上代（万葉集）Unidic (Ver.1603),I,に,ニ
上代（万葉集）Unidic (Ver.1603),I,は,ハ
上代（万葉集）Unidic (Ver.1603),I,あれ,アレ
上代（万葉集）Unidic (Ver.1603),I,ど,ド
上代（万葉集）Unidic (Ver.1603),I,　,
上代（万葉集）Unidic (Ver.1603),I,石走る,イワバシル
上代（万葉集）Unidic (Ver.1603),I,　,
上代（万葉集）Unidic (Ver.1603),I,近江,オウミ
上代（万葉集）Unidic (Ver.1603),I,の,ノ
上代（万葉集）Unidic (Ver.1603),I,国,クニ
上代（万葉集）Unidic (Ver.1603),I,の,ノ
上代（万葉集）Unidic (Ver.1603),I,　,
上代（万葉集）Unidic (Ver.1603),I,楽浪,ササナミ
上代（万葉集）Unidic (Ver.1603),I,の,ノ
上代（万葉集）Unidic (Ver.1603),I,　,
上代（万葉集）Unidic (Ver.1603),I,大津,オオツ
上代（万葉集）Unidic (Ver.1603),I,の,ノ
上代（万葉集）Unidic (Ver.1603),I,宮,ミヤ
上代（万葉集）Unidic (Ver.1603),I,に,ニ
上代（万葉集）Unidic (Ver.1603),I,　,
上代（万葉集）Unidic (Ver.1603),I,天,アマ
上代（万葉集）Unidic (Ver.1603),I,の,ノ
上代（万葉集）Unidic (Ver.1603),I,下,シタ
上代（万葉集）Unidic (Ver.1603),I,　,
上代（万葉集）Unidic (Ver.1603),I,知らしめし,シラシメシ
上代（万葉集）Unidic (Ver.1603),I,けむ,ケム
上代（万葉集）Unidic (Ver.1603),I,　,
上代（万葉集）Unidic (Ver.1603),I,天皇,スメロキ
上代（万葉集）Unidic (Ver.1603),I,の,ノ
上代（万葉集）Unidic (Ver.1603),I,　,
上代（万葉集）Unidic (Ver.1603),I,神,カミ
上代（万葉集）Unidic (Ver.1603),I,の,ノ
上代（万葉集）Unidic (Ver.1603),I,命,イノチ
上代（万葉集）Unidic (Ver.1603),I,の,ノ
上代（万葉集）Unidic (Ver.1603),I,　,
上代（万葉集）Unidic (Ver.1603),I,大宮,オオミヤ
上代（万葉集）Unidic (Ver.1603),I,は,ハ
上代（万葉集）Unidic (Ver.1603),I,　,
上代（万葉集）Unidic (Ver.1603),I,ここ,ココ
上代（万葉集）Unidic (Ver.1603),I,と,ト
上代（万葉集）Unidic (Ver.1603),I,聞け,キケ
上代（万葉集）Unidic (Ver.1603),I,ども,ドモ
上代（万葉集）Unidic (Ver.1603),I,　,
上代（万葉集）Unidic (Ver.1603),I,大殿,オオトノ
上代（万葉集）Unidic (Ver.1603),I,は,ハ
上代（万葉集）Unidic (Ver.1603),I,　,
上代（万葉集）Unidic (Ver.1603),I,ここ,ココ
上代（万葉集）Unidic (Ver.1603),I,と,ト
上代（万葉集）Unidic (Ver.1603),I,言へ,イヘ
上代（万葉集）Unidic (Ver.1603),I,ども,ドモ
上代（万葉集）Unidic (Ver.1603),I,　,
上代（万葉集）Unidic (Ver.1603),I,春草,ハルクサ
上代（万葉集）Unidic (Ver.1603),I,の,ノ
上代（万葉集）Unidic (Ver.1603),I,　,
上代（万葉集）Unidic (Ver.1603),I,茂く,モク
上代（万葉集）Unidic (Ver.1603),I,生ひ,オヒ
上代（万葉集）Unidic (Ver.1603),I,たる,タル
上代（万葉集）Unidic (Ver.1603),I,　,
上代（万葉集）Unidic (Ver.1603),I,霞,カスミ
上代（万葉集）Unidic (Ver.1603),I,立つ,タツ
上代（万葉集）Unidic (Ver.1603),I,　,
上代（万葉集）Unidic (Ver.1603),I,春日,カスガ
上代（万葉集）Unidic (Ver.1603),I,の,ノ
上代（万葉集）Unidic (Ver.1603),I,霧れ,キレ
上代（万葉集）Unidic (Ver.1603),I,る,ル
上代（万葉集）Unidic (Ver.1603),I,　,
上代（万葉集）Unidic (Ver.1603),I,［,
上代（万葉集）Unidic (Ver.1603),I,或,アル
上代（万葉集）Unidic (Ver.1603),I,云,イヒ
上代（万葉集）Unidic (Ver.1603),I,　,
上代（万葉集）Unidic (Ver.1603),I,霞,カスミ
上代（万葉集）Unidic (Ver.1603),I,立つ,タツ
上代（万葉集）Unidic (Ver.1603),I,　,
上代（万葉集）Unidic (Ver.1603),I,春日,ハルヒ
上代（万葉集）Unidic (Ver.1603),I,か,カ
上代（万葉集）Unidic (Ver.1603),I,霧れ,キレ
上代（万葉集）Unidic (Ver.1603),I,る,ル
上代（万葉集）Unidic (Ver.1603),I,　,
上代（万葉集）Unidic (Ver.1603),I,夏草,ナツクサ
上代（万葉集）Unidic (Ver.1603),I,か,カ
上代（万葉集）Unidic (Ver.1603),I,　,
上代（万葉集）Unidic (Ver.1603),I,茂く,モク
上代（万葉集）Unidic (Ver.1603),I,なり,ナリ
上代（万葉集）Unidic (Ver.1603),I,ぬる,ヌル
上代（万葉集）Unidic (Ver.1603),I,］,
上代（万葉集）Unidic (Ver.1603),I,　,
上代（万葉集）Unidic (Ver.1603),I,ももしき,モモシキ
上代（万葉集）Unidic (Ver.1603),I,の,ノ
上代（万葉集）Unidic (Ver.1603),I,　,
上代（万葉集）Unidic (Ver.1603),I,大宮,オオミヤ
上代（万葉集）Unidic (Ver.1603),I,と,ト
上代（万葉集）Unidic (Ver.1603),I,ころ,コロ
上代（万葉集）Unidic (Ver.1603),I,　,
上代（万葉集）Unidic (Ver.1603),I,見れ,ミレ
上代（万葉集）Unidic (Ver.1603),I,ば,バ
上代（万葉集）Unidic (Ver.1603),I,悲し,カナシ
上代（万葉集）Unidic (Ver.1603),I,も,モ
上代（万葉集）Unidic (Ver.1603),I,　,
上代（万葉集）Unidic (Ver.1603),I,［,
上代（万葉集）Unidic (Ver.1603),I,或,アル
上代（万葉集）Unidic (Ver.1603),I,云,イヒ
上代（万葉集）Unidic (Ver.1603),I,　,
上代（万葉集）Unidic (Ver.1603),I,見れ,ミレ
上代（万葉集）Unidic (Ver.1603),I,ば,バ
上代（万葉集）Unidic (Ver.1603),I,寂し,サムシ
上代（万葉集）Unidic (Ver.1603),I,も,モ
上代（万葉集）Unidic (Ver.1603),I,］,
上代（万葉集）Unidic (Ver.1603),B,古,イニシエ
上代（万葉集）Unidic (Ver.1603),I,の,ノ
上代（万葉集）Unidic (Ver.1603),I,人,ヒト
上代（万葉集）Unidic (Ver.1603),I,に,ニ
上代（万葉集）Unidic (Ver.1603),I,我れ,オレ
上代（万葉集）Unidic (Ver.1603),I,あれ,アレ
上代（万葉集）Unidic (Ver.1603),I,や,ヤ
上代（万葉集）Unidic (Ver.1603),I,楽浪,ササナミ
上代（万葉集）Unidic (Ver.1603),I,の,ノ
上代（万葉集）Unidic (Ver.1603),I,古き,フルキ
上代（万葉集）Unidic (Ver.1603),I,都,ミヤコ
上代（万葉集）Unidic (Ver.1603),I,を,ヲ
上代（万葉集）Unidic (Ver.1603),I,見れ,ミレ
上代（万葉集）Unidic (Ver.1603),I,ば,バ
上代（万葉集）Unidic (Ver.1603),I,悲しき,カナシキ
上代（万葉集）Unidic (Ver.1603),B,楽浪,ササナミ
上代（万葉集）Unidic (Ver.1603),I,の,ノ
上代（万葉集）Unidic (Ver.1603),I,国,クニ
上代（万葉集）Unidic (Ver.1603),I,つ,ツ
上代（万葉集）Unidic (Ver.1603),I,御,ミ
上代（万葉集）Unidic (Ver.1603),I,神,カミ
上代（万葉集）Unidic (Ver.1603),I,の,ノ
上代（万葉集）Unidic (Ver.1603),I,うらさび,ウラサビ
上代（万葉集）Unidic (Ver.1603),I,て,テ
上代（万葉集）Unidic (Ver.1603),I,荒れ,アレ
上代（万葉集）Unidic (Ver.1603),I,たる,タル
上代（万葉集）Unidic (Ver.1603),I,都,ミヤコ
上代（万葉集）Unidic (Ver.1603),I,見れ,ミレ
上代（万葉集）Unidic (Ver.1603),I,ば,バ
上代（万葉集）Unidic (Ver.1603),I,悲し,カナシ
上代（万葉集）Unidic (Ver.1603),I,も,モ
上代（万葉集）Unidic (Ver.1603),B,これ,コレ
上代（万葉集）Unidic (Ver.1603),I,や,ヤ
上代（万葉集）Unidic (Ver.1603),I,こ,コ
上代（万葉集）Unidic (Ver.1603),I,の,ノ
上代（万葉集）Unidic (Ver.1603),I,大和,ヤマト
上代（万葉集）Unidic (Ver.1603),I,に,ニ
上代（万葉集）Unidic (Ver.1603),I,し,シ
上代（万葉集）Unidic (Ver.1603),I,て,テ
上代（万葉集）Unidic (Ver.1603),I,は,ハ
上代（万葉集）Unidic (Ver.1603),I,我,ワ
上代（万葉集）Unidic (Ver.1603),I,が,ガ
上代（万葉集）Unidic (Ver.1603),I,恋ふる,コフル
上代（万葉集）Unidic (Ver.1603),I,紀路,キジ
上代（万葉集）Unidic (Ver.1603),I,に,ニ
上代（万葉集）Unidic (Ver.1603),I,あり,アリ
上代（万葉集）Unidic (Ver.1603),I,と,ト
上代（万葉集）Unidic (Ver.1603),I,いふ,イフ
上代（万葉集）Unidic (Ver.1603),I,名,ナ
上代（万葉集）Unidic (Ver.1603),I,に,ニ
上代（万葉集）Unidic (Ver.1603),I,負ふ,オフ
上代（万葉集）Unidic (Ver.1603),I,背の山,セノヤマ
上代（万葉集）Unidic (Ver.1603),B,やすみしし,ヤスミシシ
上代（万葉集）Unidic (Ver.1603),I,　,
上代（万葉集）Unidic (Ver.1603),I,我,ワ
上代（万葉集）Unidic (Ver.1603),I,が,ガ
上代（万葉集）Unidic (Ver.1603),I,大君,オオキミ
上代（万葉集）Unidic (Ver.1603),I,の,ノ
上代（万葉集）Unidic (Ver.1603),I,　,
上代（万葉集）Unidic (Ver.1603),I,きこしめす,キコシメス
上代（万葉集）Unidic (Ver.1603),I,　,
上代（万葉集）Unidic (Ver.1603),I,天,アマ
上代（万葉集）Unidic (Ver.1603),I,の,ノ
上代（万葉集）Unidic (Ver.1603),I,下,シタ
上代（万葉集）Unidic (Ver.1603),I,に,ニ
上代（万葉集）Unidic (Ver.1603),I,　,
上代（万葉集）Unidic (Ver.1603),I,国,クニ
上代（万葉集）Unidic (Ver.1603),I,は,ハ
上代（万葉集）Unidic (Ver.1603),I,しも,シモ
上代（万葉集）Unidic (Ver.1603),I,　,
上代（万葉集）Unidic (Ver.1603),I,さは,サハ
上代（万葉集）Unidic (Ver.1603),I,に,ニ
上代（万葉集）Unidic (Ver.1603),I,あれ,アレ
上代（万葉集）Unidic (Ver.1603),I,ども,ドモ
上代（万葉集）Unidic (Ver.1603),I,　,
上代（万葉集）Unidic (Ver.1603),I,山川,ヤマガワ
上代（万葉集）Unidic (Ver.1603),I,の,ノ
上代（万葉集）Unidic (Ver.1603),I,　,
上代（万葉集）Unidic (Ver.1603),I,清き,キヨキ
上代（万葉集）Unidic (Ver.1603),I,河内,コウチ
上代（万葉集）Unidic (Ver.1603),I,と,ト
上代（万葉集）Unidic (Ver.1603),I,　,
上代（万葉集）Unidic (Ver.1603),I,御,ミ
上代（万葉集）Unidic (Ver.1603),I,心,ココロ
上代（万葉集）Unidic (Ver.1603),I,を,ヲ
上代（万葉集）Unidic (Ver.1603),I,　,
上代（万葉集）Unidic (Ver.1603),I,吉野,ヨシノ
上代（万葉集）Unidic (Ver.1603),I,の,ノ
上代（万葉集）Unidic (Ver.1603),I,国,クニ
上代（万葉集）Unidic (Ver.1603),I,の,ノ
上代（万葉集）Unidic (Ver.1603),I,　,
上代（万葉集）Unidic (Ver.1603),I,花,ハナ
上代（万葉集）Unidic (Ver.1603),I,散ら,チラ
上代（万葉集）Unidic (Ver.1603),I,ふ,フ
上代（万葉集）Unidic (Ver.1603),I,　,
上代（万葉集）Unidic (Ver.1603),I,秋津,アキヅ
上代（万葉集）Unidic (Ver.1603),I,の,ノ
上代（万葉集）Unidic (Ver.1603),I,野辺,ノヘ
上代（万葉集）Unidic (Ver.1603),I,に,ニ
上代（万葉集）Unidic (Ver.1603),I,　,
上代（万葉集）Unidic (Ver.1603),I,宮柱,ミヤバシラ
上代（万葉集）Unidic (Ver.1603),I,　,
上代（万葉集）Unidic (Ver.1603),I,太敷き,フトシキ
上代（万葉集）Unidic (Ver.1603),I,ませ,マセ
上代（万葉集）Unidic (Ver.1603),I,ば,バ
上代（万葉集）Unidic (Ver.1603),I,　,
上代（万葉集）Unidic (Ver.1603),I,ももしき,モモシキ
上代（万葉集）Unidic (Ver.1603),I,の,ノ
上代（万葉集）Unidic (Ver.1603),I,　,
上代（万葉集）Unidic (Ver.1603),I,大宮,オオミヤ
上代（万葉集）Unidic (Ver.1603),I,人,ヒト
上代（万葉集）Unidic (Ver.1603),I,は,ハ
上代（万葉集）Unidic (Ver.1603),I,　,
上代（万葉集）Unidic (Ver.1603),I,舟,フネ
上代（万葉集）Unidic (Ver.1603),I,並め,ナメ
上代（万葉集）Unidic (Ver.1603),I,て,テ
上代（万葉集）Unidic (Ver.1603),I,　,
上代（万葉集）Unidic (Ver.1603),I,朝川,アサカワ
上代（万葉集）Unidic (Ver.1603),I,渡る,ワタル
上代（万葉集）Unidic (Ver.1603),I,　,
上代（万葉集）Unidic (Ver.1603),I,舟,フネ
上代（万葉集）Unidic (Ver.1603),I,競ひ,キホヒ
上代（万葉集）Unidic (Ver.1603),I,　,
上代（万葉集）Unidic (Ver.1603),I,夕川,ユウカワ
上代（万葉集）Unidic (Ver.1603),I,渡る,ワタル
上代（万葉集）Unidic (Ver.1603),I,　,
上代（万葉集）Unidic (Ver.1603),I,こ,コ
上代（万葉集）Unidic (Ver.1603),I,の,ノ
上代（万葉集）Unidic (Ver.1603),I,川,カワ
上代（万葉集）Unidic (Ver.1603),I,の,ノ
上代（万葉集）Unidic (Ver.1603),I,　,
上代（万葉集）Unidic (Ver.1603),I,絶ゆる,タユル
上代（万葉集）Unidic (Ver.1603),I,こと,コト
上代（万葉集）Unidic (Ver.1603),I,なく,ナク
上代（万葉集）Unidic (Ver.1603),I,　,
上代（万葉集）Unidic (Ver.1603),I,こ,コ
上代（万葉集）Unidic (Ver.1603),I,の,ノ
上代（万葉集）Unidic (Ver.1603),I,山,ヤマ
上代（万葉集）Unidic (Ver.1603),I,の,ノ
上代（万葉集）Unidic (Ver.1603),I,　,
上代（万葉集）Unidic (Ver.1603),I,いや,イヤ
上代（万葉集）Unidic (Ver.1603),I,高知ら,タカシラ
上代（万葉集）Unidic (Ver.1603),I,す,ス
上代（万葉集）Unidic (Ver.1603),I,　,
上代（万葉集）Unidic (Ver.1603),I,水激,ミナソソカ
上代（万葉集）Unidic (Ver.1603),I,る,ル
上代（万葉集）Unidic (Ver.1603),I,　,
上代（万葉集）Unidic (Ver.1603),I,瀧,タキ
上代（万葉集）Unidic (Ver.1603),I,の,ノ
上代（万葉集）Unidic (Ver.1603),I,宮,ミヤ
上代（万葉集）Unidic (Ver.1603),I,処,トコロ
上代（万葉集）Unidic (Ver.1603),I,は,ハ
上代（万葉集）Unidic (Ver.1603),I,　,
上代（万葉集）Unidic (Ver.1603),I,見れ,ミレ
上代（万葉集）Unidic (Ver.1603),I,ど,ド
上代（万葉集）Unidic (Ver.1603),I,飽か,アカ
上代（万葉集）Unidic (Ver.1603),I,ぬ,ヌ
上代（万葉集）Unidic (Ver.1603),I,か,カ
上代（万葉集）Unidic (Ver.1603),I,も,モ
上代（万葉集）Unidic (Ver.1603),B,山川,ヤマガワ
上代（万葉集）Unidic (Ver.1603),I,も,モ
上代（万葉集）Unidic (Ver.1603),I,依り,ヨリ
上代（万葉集）Unidic (Ver.1603),I,て,テ
上代（万葉集）Unidic (Ver.1603),I,仕ふる,ツカフル
上代（万葉集）Unidic (Ver.1603),I,神ながら,カムナガラ
上代（万葉集）Unidic (Ver.1603),I,たぎつ,タギツ
上代（万葉集）Unidic (Ver.1603),I,河内,コウチ
上代（万葉集）Unidic (Ver.1603),I,に,ニ
上代（万葉集）Unidic (Ver.1603),I,舟出,フナデ
上代（万葉集）Unidic (Ver.1603),I,せ,セ
上代（万葉集）Unidic (Ver.1603),I,す,ス
上代（万葉集）Unidic (Ver.1603),I,か,カ
上代（万葉集）Unidic (Ver.1603),I,も,モ
上代（万葉集）Unidic (Ver.1603),B,見れ,ミレ
上代（万葉集）Unidic (Ver.1603),I,ど,ド
上代（万葉集）Unidic (Ver.1603),I,飽か,アカ
上代（万葉集）Unidic (Ver.1603),I,ぬ,ヌ
上代（万葉集）Unidic (Ver.1603),I,吉野,ヨシノ
上代（万葉集）Unidic (Ver.1603),I,の,ノ
上代（万葉集）Unidic (Ver.1603),I,川,カワ
上代（万葉集）Unidic (Ver.1603),I,の,ノ
上代（万葉集）Unidic (Ver.1603),I,常滑,トコナメ
上代（万葉集）Unidic (Ver.1603),I,の,ノ
上代（万葉集）Unidic (Ver.1603),I,絶ゆる,タユル
上代（万葉集）Unidic (Ver.1603),I,こと,コト
上代（万葉集）Unidic (Ver.1603),I,なく,ナク
上代（万葉集）Unidic (Ver.1603),I,また,マタ
上代（万葉集）Unidic (Ver.1603),I,かへり見,カエリミ
